--Category
INSERT INTO "categories" ("id", "name", "slug", "content", "parent_id", "image_id", "created_at", "updated_at", "status") VALUES
(2,	'HP',	'laptop-HP',	NULL,	NULL,	1004,	'2024-10-21 08:49:14.248783',	'2024-10-21 08:49:14.248783',	1),
(1,	'ASUS',	'laptop-Asus',	NULL,	NULL,	1006,	'2024-10-21 08:47:55.746954',	'2024-10-21 08:47:55.746954',	1),
(3,	'ACER',	'laptop-Acer',	NULL,	NULL,	1003,	'2024-10-21 08:59:07.745709',	'2024-10-21 08:59:07.745709',	1),
(6,	'LENOVO',	'laptop-gaming-lenovo',	NULL,	NULL,	1008,	'2024-10-21 09:03:21.925657',	'2024-10-21 09:03:21.925657',	1),
(4,	'ASUS/ROG',	'laptop-gaming-asus',	NULL,	NULL,	1007,	'2024-10-21 09:00:30.596952',	'2024-10-21 09:00:30.596952',	1),
(5,	'DELL',	'laptop-dell',	NULL,	NULL,	1005,	'2024-10-21 09:08:11.706908',	'2024-10-21 09:08:11.706908',	1);
--Coupon 
INSERT INTO "coupons" ("id", "code", "discount_type", "discount_value", "start_date", "end_date", "min_purchase_amount", "max_usage", "is_active", "created_at", "updated_at", "status") VALUES
(1,	'COUPON1',	'percentage',	23.34,	'2024-11-15',	'2024-12-26',	93.57,	92,	't',	'2024-10-22 04:12:25.803038',	'2024-10-22 04:12:25.803038',	1),
(2,	'COUPON2',	'percentage',	48.57,	'2024-10-25',	'2024-12-18',	214.76,	28,	't',	'2024-10-22 04:12:25.803038',	'2024-10-22 04:12:25.803038',	1),
(3,	'COUPON3',	'fixed_amount',	89.10,	'2024-11-02',	'2024-12-20',	132.31,	20,	't',	'2024-10-22 04:12:25.803038',	'2024-10-22 04:12:25.803038',	1),
(4,	'COUPON4',	'fixed_amount',	94.96,	'2024-11-04',	'2025-01-28',	51.24,	86,	't',	'2024-10-22 04:12:25.803038',	'2024-10-22 04:12:25.803038',	1),
(5,	'COUPON5',	'percentage',	53.87,	'2024-10-25',	'2024-12-11',	92.51,	7,	't',	'2024-10-22 04:12:25.803038',	'2024-10-22 04:12:25.803038',	1),
(6,	'COUPON6',	'percentage',	36.59,	'2024-11-13',	'2025-02-03',	186.65,	96,	't',	'2024-10-22 04:12:25.803038',	'2024-10-22 04:12:25.803038',	1),
(7,	'COUPON7',	'fixed_amount',	31.60,	'2024-10-28',	'2025-01-03',	100.35,	79,	't',	'2024-10-22 04:12:25.803038',	'2024-10-22 04:12:25.803038',	1),
(8,	'COUPON8',	'fixed_amount',	32.32,	'2024-11-15',	'2025-01-22',	133.94,	11,	't',	'2024-10-22 04:12:25.803038',	'2024-10-22 04:12:25.803038',	1),
(9,	'COUPON9',	'fixed_amount',	47.23,	'2024-10-31',	'2025-01-03',	184.85,	91,	't',	'2024-10-22 04:12:25.803038',	'2024-10-22 04:12:25.803038',	1),
(10,	'COUPON10',	'percentage',	29.85,	'2024-11-19',	'2025-01-04',	123.01,	75,	't',	'2024-10-22 04:12:25.803038',	'2024-10-22 04:12:25.803038',	1),
(11,	'COUPON11',	'fixed_amount',	61.21,	'2024-11-06',	'2025-01-03',	85.19,	66,	't',	'2024-10-22 04:12:25.803038',	'2024-10-22 04:12:25.803038',	1),
(12,	'COUPON12',	'percentage',	27.28,	'2024-11-12',	'2025-01-20',	101.16,	7,	't',	'2024-10-22 04:12:25.803038',	'2024-10-22 04:12:25.803038',	1),
(13,	'COUPON13',	'percentage',	34.06,	'2024-11-04',	'2024-12-29',	60.12,	45,	't',	'2024-10-22 04:12:25.803038',	'2024-10-22 04:12:25.803038',	1),
(14,	'COUPON14',	'percentage',	6.10,	'2024-11-07',	'2025-01-13',	160.76,	7,	't',	'2024-10-22 04:12:25.803038',	'2024-10-22 04:12:25.803038',	1),
(15,	'COUPON15',	'percentage',	35.56,	'2024-10-23',	'2024-12-20',	176.31,	50,	't',	'2024-10-22 04:12:25.803038',	'2024-10-22 04:12:25.803038',	1),
(16,	'COUPON16',	'fixed_amount',	87.04,	'2024-11-01',	'2024-12-07',	190.17,	48,	't',	'2024-10-22 04:12:25.803038',	'2024-10-22 04:12:25.803038',	1),
(17,	'COUPON17',	'fixed_amount',	82.03,	'2024-11-16',	'2025-02-05',	166.07,	55,	't',	'2024-10-22 04:12:25.803038',	'2024-10-22 04:12:25.803038',	1),
(18,	'COUPON18',	'percentage',	38.50,	'2024-11-07',	'2025-01-09',	74.95,	57,	't',	'2024-10-22 04:12:25.803038',	'2024-10-22 04:12:25.803038',	1),
(19,	'COUPON19',	'fixed_amount',	76.22,	'2024-10-22',	'2024-12-22',	242.39,	71,	't',	'2024-10-22 04:12:25.803038',	'2024-10-22 04:12:25.803038',	1),
(20,	'COUPON20',	'percentage',	5.17,	'2024-10-28',	'2025-01-17',	196.58,	52,	't',	'2024-10-22 04:12:25.803038',	'2024-10-22 04:12:25.803038',	1),
(21,	'COUPON21',	'fixed_amount',	94.83,	'2024-11-17',	'2025-02-14',	206.57,	26,	't',	'2024-10-22 04:12:25.803038',	'2024-10-22 04:12:25.803038',	1),
(22,	'COUPON22',	'fixed_amount',	49.47,	'2024-10-30',	'2024-12-06',	119.06,	46,	't',	'2024-10-22 04:12:25.803038',	'2024-10-22 04:12:25.803038',	1),
(23,	'COUPON23',	'percentage',	17.13,	'2024-11-08',	'2025-01-21',	145.49,	29,	't',	'2024-10-22 04:12:25.803038',	'2024-10-22 04:12:25.803038',	1),
(24,	'COUPON24',	'percentage',	24.16,	'2024-11-13',	'2024-12-23',	75.92,	52,	't',	'2024-10-22 04:12:25.803038',	'2024-10-22 04:12:25.803038',	1),
(25,	'COUPON25',	'fixed_amount',	74.80,	'2024-11-12',	'2025-01-30',	200.53,	84,	't',	'2024-10-22 04:12:25.803038',	'2024-10-22 04:12:25.803038',	1),
(26,	'COUPON26',	'percentage',	23.61,	'2024-10-22',	'2024-12-16',	98.06,	56,	't',	'2024-10-22 04:12:25.803038',	'2024-10-22 04:12:25.803038',	1),
(27,	'COUPON27',	'fixed_amount',	21.11,	'2024-11-13',	'2025-01-30',	207.60,	30,	't',	'2024-10-22 04:12:25.803038',	'2024-10-22 04:12:25.803038',	1),
(28,	'COUPON28',	'fixed_amount',	66.54,	'2024-10-25',	'2024-12-07',	206.90,	28,	't',	'2024-10-22 04:12:25.803038',	'2024-10-22 04:12:25.803038',	1),
(29,	'COUPON29',	'fixed_amount',	28.69,	'2024-11-11',	'2025-01-18',	109.39,	64,	't',	'2024-10-22 04:12:25.803038',	'2024-10-22 04:12:25.803038',	1),
(30,	'COUPON30',	'percentage',	31.71,	'2024-11-14',	'2025-02-11',	58.07,	45,	't',	'2024-10-22 04:12:25.803038',	'2024-10-22 04:12:25.803038',	1),
(31,	'COUPON31',	'fixed_amount',	97.91,	'2024-11-08',	'2025-01-04',	179.97,	10,	't',	'2024-10-22 04:12:25.803038',	'2024-10-22 04:12:25.803038',	1),
(32,	'COUPON32',	'percentage',	29.06,	'2024-11-14',	'2025-01-18',	201.48,	61,	't',	'2024-10-22 04:12:25.803038',	'2024-10-22 04:12:25.803038',	1),
(33,	'COUPON33',	'percentage',	19.26,	'2024-11-15',	'2024-12-22',	174.84,	57,	't',	'2024-10-22 04:12:25.803038',	'2024-10-22 04:12:25.803038',	1),
(34,	'COUPON34',	'percentage',	36.50,	'2024-11-20',	'2025-01-25',	240.08,	70,	't',	'2024-10-22 04:12:25.803038',	'2024-10-22 04:12:25.803038',	1),
(35,	'COUPON35',	'fixed_amount',	53.23,	'2024-10-29',	'2025-01-06',	121.13,	10,	't',	'2024-10-22 04:12:25.803038',	'2024-10-22 04:12:25.803038',	1),
(36,	'COUPON36',	'percentage',	41.20,	'2024-11-17',	'2025-02-11',	57.28,	35,	't',	'2024-10-22 04:12:25.803038',	'2024-10-22 04:12:25.803038',	1),
(37,	'COUPON37',	'percentage',	49.56,	'2024-10-28',	'2025-01-12',	135.57,	36,	't',	'2024-10-22 04:12:25.803038',	'2024-10-22 04:12:25.803038',	1),
(38,	'COUPON38',	'fixed_amount',	57.49,	'2024-10-25',	'2024-12-23',	152.15,	24,	't',	'2024-10-22 04:12:25.803038',	'2024-10-22 04:12:25.803038',	1),
(39,	'COUPON39',	'fixed_amount',	56.60,	'2024-10-24',	'2024-11-29',	139.13,	33,	't',	'2024-10-22 04:12:25.803038',	'2024-10-22 04:12:25.803038',	1),
(40,	'COUPON40',	'percentage',	21.37,	'2024-10-24',	'2025-01-12',	201.94,	60,	't',	'2024-10-22 04:12:25.803038',	'2024-10-22 04:12:25.803038',	1),
(41,	'COUPON41',	'fixed_amount',	42.29,	'2024-11-18',	'2025-01-09',	213.40,	22,	't',	'2024-10-22 04:12:25.803038',	'2024-10-22 04:12:25.803038',	1),
(42,	'COUPON42',	'percentage',	44.96,	'2024-11-07',	'2025-02-02',	165.80,	96,	't',	'2024-10-22 04:12:25.803038',	'2024-10-22 04:12:25.803038',	1),
(43,	'COUPON43',	'percentage',	11.77,	'2024-11-11',	'2025-02-02',	96.44,	12,	't',	'2024-10-22 04:12:25.803038',	'2024-10-22 04:12:25.803038',	1),
(44,	'COUPON44',	'fixed_amount',	46.91,	'2024-11-03',	'2024-12-16',	176.82,	27,	't',	'2024-10-22 04:12:25.803038',	'2024-10-22 04:12:25.803038',	1),
(45,	'COUPON45',	'fixed_amount',	39.04,	'2024-11-20',	'2025-01-08',	174.11,	59,	't',	'2024-10-22 04:12:25.803038',	'2024-10-22 04:12:25.803038',	1),
(46,	'COUPON46',	'percentage',	41.61,	'2024-10-27',	'2024-12-06',	136.80,	52,	't',	'2024-10-22 04:12:25.803038',	'2024-10-22 04:12:25.803038',	1),
(47,	'COUPON47',	'fixed_amount',	65.19,	'2024-11-03',	'2025-01-03',	113.16,	93,	't',	'2024-10-22 04:12:25.803038',	'2024-10-22 04:12:25.803038',	1),
(48,	'COUPON48',	'fixed_amount',	83.75,	'2024-11-16',	'2025-02-06',	149.20,	7,	't',	'2024-10-22 04:12:25.803038',	'2024-10-22 04:12:25.803038',	1),
(49,	'COUPON49',	'percentage',	18.24,	'2024-10-26',	'2024-12-31',	77.08,	16,	't',	'2024-10-22 04:12:25.803038',	'2024-10-22 04:12:25.803038',	1),
(50,	'COUPON50',	'fixed_amount',	50.17,	'2024-10-30',	'2025-01-12',	189.09,	11,	't',	'2024-10-22 04:12:25.803038',	'2024-10-22 04:12:25.803038',	1);
-- Images
INSERT INTO "images" ("id", "url", "alt_text", "created_at", "updated_at", "status") VALUES
(101,	'https://product.hstatic.net/200000722513/product/ava_1c68829547de49f0acd0cf4cf7cb9da3_medium.png',	NULL,	'2024-10-21 06:50:32.319633',	'2024-10-21 06:50:32.319633',	1),
(102,	'https://product.hstatic.net/200000722513/product/ava_11036b32e9e44271bf11e9597d394e4c_medium.png',	NULL,	'2024-10-21 06:50:43.929588',	'2024-10-21 06:50:43.929588',	1),
(103,	'https://product.hstatic.net/200000722513/product/ava_810a00b3d74848829bbe8a18491c43fd_medium.png',	NULL,	'2024-10-21 06:50:56.332959',	'2024-10-21 06:50:56.332959',	1),
(104,	'https://product.hstatic.net/200000722513/product/ava_0ac2d4e1b9eb4e62aa9e1b6421ed60ea_medium.png',	NULL,	'2024-10-21 06:51:03.019106',	'2024-10-21 06:51:03.019106',	1),
(105,	'https://product.hstatic.net/200000722513/product/ava_8236b3b0602640c48f4a922e1a7dd7f1_medium.png',	NULL,	'2024-10-21 06:51:11.933639',	'2024-10-21 06:51:11.933639',	1),
(106,	'https://product.hstatic.net/200000722513/product/ava_6b676d21eb834248bad1ccb4a2085909_medium.png',	NULL,	'2024-10-21 06:51:20.160065',	'2024-10-21 06:51:20.160065',	1),
(107,	'https://product.hstatic.net/200000722513/product/ava_8b79b847df7643ef8a5fe9f64808c174_medium.png',	NULL,	'2024-10-21 06:51:28.822072',	'2024-10-21 06:51:28.822072',	1),
(108,	'https://product.hstatic.net/200000722513/product/ava_e2cf6465de1f4151b18980628c7395e8_medium.png',	NULL,	'2024-10-21 06:51:36.85136',	'2024-10-21 06:51:36.85136',	1),
(109,	'https://product.hstatic.net/200000722513/product/ava_979c41b2a83a4ad6939fd1f3f2d3fbd6_medium.png',	NULL,	'2024-10-21 06:51:46.485514',	'2024-10-21 06:51:46.485514',	1),
(110,	'https://product.hstatic.net/200000722513/product/ava_178f7af8eb4948eea36257f2e488acfe_medium.png',	NULL,	'2024-10-21 06:51:55.705895',	'2024-10-21 06:51:55.705895',	1),
(111,	'https://product.hstatic.net/200000722513/product/yoga_book_9_13imu9_ct1_05_73b72fdbfdf643cda3d2692c7ff601ef_medium.png',	NULL,	'2024-10-21 06:52:13.106099',	'2024-10-21 06:52:13.106099',	1),
(112,	'https://product.hstatic.net/200000722513/product/ava_9894017cfc3c462994377fe99d697c21_medium.png',	NULL,	'2024-10-21 06:52:19.289569',	'2024-10-21 06:52:19.289569',	1),
(113,	'https://product.hstatic.net/200000722513/product/gearvn-laptop-lenovo-ideapad-slim-5-14imh9-83da001nvn-10_63f5db80f6b34bd6a5e076e3083aae79_medium.png',	NULL,	'2024-10-21 06:52:24.721907',	'2024-10-21 06:52:24.721907',	1),
(114,	'https://product.hstatic.net/200000722513/product/gearvn-laptop-lenovo-ideapad-flex-5-14alc7-82r900edvn-1_88e89ea07d4e4e529a3590b3deeada78_medium.png',	NULL,	'2024-10-21 06:52:34.457538',	'2024-10-21 06:52:34.457538',	1),
(115,	'https://product.hstatic.net/200000722513/product/21e300e3vn_033caa0eb07346b48bdebf32df4ef51d_medium.png',	NULL,	'2024-10-21 06:52:42.25327',	'2024-10-21 06:52:42.25327',	1),
(116,	'https://product.hstatic.net/200000722513/product/83e0000vvn_0cbbc710f4eb438da416b93876a159cc_medium.png',	NULL,	'2024-10-21 06:52:47.892347',	'2024-10-21 06:52:47.892347',	1),
(117,	'https://product.hstatic.net/200000722513/product/asus_gaming_vivobook_k3605zf-rp634w_d59d42a7451f48d48cce32645f03f90c_medium.jpg',	NULL,	'2024-10-21 07:42:29.640427',	'2024-10-21 07:42:29.640427',	1),
(118,	'https://product.hstatic.net/200000722513/product/asus_gaming_vivobook_k3605zu-rp296w_new_1_49eb90c1052842bab297ef6be3054255_medium.jpg',	NULL,	'2024-10-21 07:42:34.836285',	'2024-10-21 07:42:34.836285',	1),
(119,	'https://product.hstatic.net/200000722513/product/asus_gaming_vivobook_k3605zc-rp564w_ea2d64835b1f48d0b871a334e40c05d5_medium.jpg',	NULL,	'2024-10-21 07:42:40.504414',	'2024-10-21 07:42:40.504414',	1),
(120,	'https://product.hstatic.net/200000722513/product/ava_cc377fa319f54e5884151ee493e0f2c1_medium.png',	NULL,	'2024-10-21 07:42:46.337847',	'2024-10-21 07:42:46.337847',	1),
(121,	'https://product.hstatic.net/200000722513/product/ava_85f0a13f59c24412a311436fd2b3efc7_medium.png',	NULL,	'2024-10-21 07:42:52.453664',	'2024-10-21 07:42:52.453664',	1),
(122,	'https://product.hstatic.net/200000722513/product/ux3405ma-pp588w_zenbook_ai_b097c88019d44a789e70d8fa49fc91ef_medium.jpg',	NULL,	'2024-10-21 07:42:57.242231',	'2024-10-21 07:42:57.242231',	1),
(123,	'https://product.hstatic.net/200000722513/product/ux3405ma-pp151w_zenbook_ai_f61c0a3d9e6b45879ccc0213653fc56b_medium.jpg',	NULL,	'2024-10-21 07:43:02.474565',	'2024-10-21 07:43:02.474565',	1),
(124,	'https://product.hstatic.net/200000722513/product/7_27_a3f6dfa7a8854d958953ad81268880d2_medium.png',	NULL,	'2024-10-21 07:43:07.344306',	'2024-10-21 07:43:07.344306',	1),
(125,	'https://product.hstatic.net/200000722513/product/ux8406ma-pz142w_new_1_323777fbd2ea4f788f45c1165ed81427_medium.jpg',	NULL,	'2024-10-21 07:43:12.298001',	'2024-10-21 07:43:12.298001',	1),
(126,	'https://product.hstatic.net/200000722513/product/ux3402_a2619c42064844baa32f829f9ca427bf_large_3438f2f4a5db4ac89aeef5cd001564e1_medium.gif',	NULL,	'2024-10-21 07:43:20.774904',	'2024-10-21 07:43:20.774904',	1),
(127,	'https://product.hstatic.net/200000722513/product/km203w_344a750d654a45099b3da33db79ac173_medium.png',	NULL,	'2024-10-21 07:43:26.642386',	'2024-10-21 07:43:26.642386',	1),
(128,	'https://product.hstatic.net/200000722513/product/ava_2f4cb5c51e4640449bf838e9ccdf6f4e_medium.png',	NULL,	'2024-10-21 07:43:49.305315',	'2024-10-21 07:43:49.305315',	1),
(129,	'https://product.hstatic.net/200000722513/product/wift-go-ai-2024-gen-2-sfg14-73-71zx_1_ccc2cc55cf11451086e09eac92cae064_ed8a6356d9374b53a4c13abaea1658a8_medium.png',	NULL,	'2024-10-21 07:43:54.271338',	'2024-10-21 07:43:54.271338',	1),
(130,	'https://product.hstatic.net/200000722513/product/ava_23fd058fa70a49d3820477678e2e8a49_medium.png',	NULL,	'2024-10-21 07:44:01.383392',	'2024-10-21 07:44:01.383392',	1),
(131,	'https://product.hstatic.net/200000722513/product/ava_f4961f3432f84674b7d37c5fbeb3aa17_medium.png',	NULL,	'2024-10-21 07:44:22.306139',	'2024-10-21 07:44:22.306139',	1),
(132,	'https://product.hstatic.net/200000722513/product/ava_7a60a95da9ad4f79937195617962b252_medium.png',	NULL,	'2024-10-21 07:44:39.097629',	'2024-10-21 07:44:39.097629',	1),
(133,	'https://product.hstatic.net/200000722513/product/ava_b6f0624cda48402da828d7f326c8dcd2_medium.png',	NULL,	'2024-10-21 07:44:44.673833',	'2024-10-21 07:44:44.673833',	1),
(134,	'https://product.hstatic.net/200000722513/product/71013325_4eac8f60cf2d4908b5a1a98ca2412cc0_eb48cfe4200b469aa293606fbbe67160_medium.png',	NULL,	'2024-10-21 07:44:49.624701',	'2024-10-21 07:44:49.624701',	1),
(135,	'https://product.hstatic.net/200000722513/product/dell_3f2b91da99f7492ab27a0850bf13ccc5_medium.png',	NULL,	'2024-10-21 07:44:56.409493',	'2024-10-21 07:44:56.409493',	1),
(136,	'https://product.hstatic.net/200000722513/product/inspiron-15-3530-i5u085w11blu_b60d09f21993480cadda384a5fe9c154_medium.png',	NULL,	'2024-10-21 07:45:02.681409',	'2024-10-21 07:45:02.681409',	1),
(137,	'https://product.hstatic.net/200000722513/product/71003262_808df7fb9700440491a3d533c64459a9_73bd092b189847fab89a14f8e369fa91_medium.png',	NULL,	'2024-10-21 07:45:07.671848',	'2024-10-21 07:45:07.671848',	1),
(138,	'https://product.hstatic.net/200000722513/product/05a3b4354b5a27555f4510780_large_19db3dd766fa42f1983f345b05bf6887_large_b12e91a08927490d9905ca9ea507ce62_medium.png',	NULL,	'2024-10-21 07:45:23.244447',	'2024-10-21 07:45:23.244447',	1),
(139,	'https://product.hstatic.net/200000722513/product/ava_5cf8182eaaa84d0bb59110b4bd55f03a_medium.png',	NULL,	'2024-10-21 07:45:28.664825',	'2024-10-21 07:45:28.664825',	1),
(140,	'https://product.hstatic.net/200000722513/product/nitro-v_755588bd95514b6386940d73d3951e2d_1024x1024_bc0b12132d4042eab8a07af909096236_medium.png',	NULL,	'2024-10-21 07:45:39.847626',	'2024-10-21 07:45:39.847626',	1),
(141,	'https://product.hstatic.net/200000722513/product/ava_18bc3b476d5240a89aaca071e755ced4_medium.png',	NULL,	'2024-10-21 07:49:28.943309',	'2024-10-21 07:49:28.943309',	1),
(142,	'https://product.hstatic.net/200000722513/product/ava_48704ef5ed9248ccb2455b916a67b5c8_medium.png',	NULL,	'2024-10-21 07:49:34.092745',	'2024-10-21 07:49:34.092745',	1),
(143,	'https://product.hstatic.net/200000722513/product/ava_dea980b662854ab8a4dd359d3bd8d2b4_medium.png',	NULL,	'2024-10-21 07:49:38.041113',	'2024-10-21 07:49:38.041113',	1),
(144,	'https://product.hstatic.net/200000722513/product/ava1_fa4a852e3b5b40978022459ce8d8562a_medium.png',	NULL,	'2024-10-21 07:49:42.692769',	'2024-10-21 07:49:42.692769',	1),
(145,	'https://product.hstatic.net/200000722513/product/ava_d2da11ba2af941a8972ea4d4ddaf8159_medium.png',	NULL,	'2024-10-21 07:49:46.798661',	'2024-10-21 07:49:46.798661',	1),
(146,	'https://product.hstatic.net/200000722513/product/ava_3ec51dab2408464e87ea3dfe4a333f0e_medium.png',	NULL,	'2024-10-21 07:49:55.200032',	'2024-10-21 07:49:55.200032',	1),
(147,	'https://product.hstatic.net/200000722513/product/h732__6__d07e728e8eeb447d9dcb345b64bafac2_medium.png',	NULL,	'2024-10-21 07:50:01.123137',	'2024-10-21 07:50:01.123137',	1),
(148,	'https://product.hstatic.net/200000722513/product/ava_583e7ddd56f14a1db611875e7c7bc764_medium.png',	NULL,	'2024-10-21 07:50:07.428797',	'2024-10-21 07:50:07.428797',	1),
(1006,	'https://inkythuatso.com/uploads/thumbnails/800/2021/11/logo-asus-inkythuatso-2-01-26-09-21-11.jpg',	NULL,	'2024-10-21 08:38:08.376751',	'2024-10-21 08:38:08.376751',	1),
(1004,	'https://w1.pngwing.com/pngs/935/964/png-transparent-circle-logo-hp-pavilion-dv6-printer-hp-deskjet-laptop-organization-hp-indigo-division-hp-laserjet-thumbnail.png',	NULL,	'2024-10-21 08:38:54.427062',	'2024-10-21 08:38:54.427062',	1),
(1003,	'https://encrypted-tbn0.gstatic.com/images?q=tbn:ANd9GcQ0JX6eQOU_FRLhTl_iyqYVD7wL_DG7McT6GQ&s',	NULL,	'2024-10-21 08:40:34.265472',	'2024-10-21 08:40:34.265472',	1),
(1008,	'https://encrypted-tbn0.gstatic.com/images?q=tbn:ANd9GcTM_ONTfa52ogl9ArDev9SVBQFHrofmQfPDxA&s',	NULL,	'2024-10-21 08:45:14.751593',	'2024-10-21 08:45:14.751593',	1),
(1007,	'https://encrypted-tbn0.gstatic.com/images?q=tbn:ANd9GcSe6SNEuMy9I5tYJS0mcAQhG4avS2kZRna-5A&s',	NULL,	'2024-10-21 08:46:49.283737',	'2024-10-21 08:46:49.283737',	1),
(1005,	'https://encrypted-tbn0.gstatic.com/images?q=tbn:ANd9GcR06Ps6s6u8Rdb3zNsg-MHT2TtSOnFks50xEA&s',	NULL,	'2024-10-21 08:36:21.561378',	'2024-10-21 09:04:32.722604',	1);
--product_categories
INSERT INTO "product_categories" ("product_id", "category_id", "created_at", "updated_at", "status") VALUES
(101,	6,	'2024-10-22 10:06:16.218677',	'2024-10-22 10:06:16.218677',	1),
(102,	6,	'2024-10-22 10:06:40.687052',	'2024-10-22 10:06:40.687052',	1),
(100,	4,	'2024-10-22 10:06:54.826312',	'2024-10-22 10:06:54.826312',	1);
--tags
INSERT INTO "tags" ("id", "name", "created_at", "updated_at", "status") VALUES
(1,	'ASUS',	'2024-10-21 06:48:01.388467',	'2024-10-21 06:48:01.388467',	1),
(2,	'DELL',	'2024-10-21 06:48:01.388467',	'2024-10-21 06:48:01.388467',	1),
(3,	'LENOVO',	'2024-10-21 06:48:01.388467',	'2024-10-21 06:48:01.388467',	1),
(4,	'ACER',	'2024-10-21 06:48:01.388467',	'2024-10-21 06:48:01.388467',	1),
(5,	'HP',	'2024-10-21 06:48:01.388467',	'2024-10-21 06:48:01.388467',	1),
(9,	'ASUS/ROG',	'2024-10-21 06:48:01.388467',	'2024-10-21 06:48:01.388467',	1);
--role
INSERT INTO "roles" ("id", "name", "description", "created_at", "updated_at", "status") VALUES
(1,	'admin',	'Administrator with full access',	'2024-10-22 04:12:24.91556',	'2024-10-22 04:12:24.91556',	1),
(2,	'manager',	'Manager with elevated privileges',	'2024-10-22 04:12:24.91556',	'2024-10-22 04:12:24.91556',	1),
(3,	'user',	'Regular user with standard access',	'2024-10-22 04:12:24.91556',	'2024-10-22 04:12:24.91556',	1);
--product
INSERT INTO "products" ("id", "name", "slug", "brand", "model", "price", "description", "specifications", "stock_quantity", "thumbnail_id", "created_at", "updated_at", "status") VALUES
(100,	'ASUS ROG Flow X16',	'asus-gaming-rog-flow-x16',	'ASUS/ROG',	'GV601VV NF044W',	52990000,	'Đánh giá chi tiết laptop gaming ASUS ROG Flow X16 GV601VV... (rest of your description)',	'{"CPU": "Intel® Core™ i9-13900H", "RAM": "16GB DDR5 4800Mhz", "Wifi": "Wi-Fi 6E(802.11ax)", "Màn Hình": "16-inch QHD+", "Ổ Cứng": "1TB PCIe® 4.0 NVMe™ M.2 SSD", "Trọng Lượng": "2.0 kg", "Hệ Điều Hành": "Windows® 11 Home Single Language"}',	10,	148,	'2024-10-21 06:47:59.335367',	'2024-10-21 10:23:41.110961',	1),
(101,	'LENOVO IDEAPAD SLIM 5',	'lenovo-ideapad-slim-5',	'LENOVO',	'15IRU9 83D0000EVN',	20490000,	'Đánh giá chi tiết Laptop Lenovo Ideapad Slim 5... (rest of your description)',	'{"CPU": "Intel® Core™ 5 120U", "RAM": "16GB DDR5x-5200", "Wifi": "Wi-Fi® 6", "Màn Hình": "15.3inch WUXGA", "Ổ Cứng": "512GB SSD", "Trọng Lượng": "1.79 kg", "Hệ Điều Hành": "Windows® 11 Home Single Language"}',	1000,	113,	'2024-10-21 06:47:59.335367',	'2024-10-21 10:22:56.757216',	1),
(102,	'Laptop Lenovo ThinkPad X1 2-in-1 Gen 9',	'lenovo-thinkpad-x1-gen9',	'LENOVO',	'21KE004PVN',	59990000,	'Đánh giá chi tiết sản phẩm Laptop Lenovo ThinkPad X1... (rest of your description)',	'{"CPU": "Intel® Core™ Ultra 7 155U", "RAM": "32GB LPDDR5x-6400", "Wifi": "Wi-Fi 6E", "Màn Hình": "14-inch OLED", "Ổ Cứng": "1TB SSD", "Trọng Lượng": "1.8 kg", "Hệ Điều Hành": "Windows® 11 Pro"}',	200,	130,	'2024-10-21 06:47:59.335367',	'2024-10-21 10:23:56.757216',	1);
--user
INSERT INTO "users" ("id", "username", "password", "email", "first_name", "last_name", "phone", "address", "avatar_id", "role_id", "status", "created_at", "updated_at") VALUES
(101,	'test1',	'test1@',	'test1@test.com',	'test',	'test',	NULL,	NULL,	NULL,	2,	1,	'2024-10-22 04:36:24.7625',	'2024-10-22 04:36:24.7625');
--product-tags
INSERT INTO "product_tags" ("product_id", "tag_id", "created_at", "updated_at", "status") VALUES
(100,	9,	'2024-10-22 10:17:32.147866',	'2024-10-22 10:17:32.147866',	1),
(101,	3,	'2024-10-22 10:18:10.45774',	'2024-10-22 10:18:10.45774',	1),
(102,	3,	'2024-10-22 10:18:16.599974',	'2024-10-22 10:18:16.599974',	1);
--product_specifications
INSERT INTO "product_specifications" ("id", "product_id", "spec_name", "spec_value", "unit", "created_at", "updated_at", "status") VALUES
(1,	100,	'CPU',	'Intel® Core™ i9-13900H',	NULL,	'2024-10-22 10:09:39.89165',	'2024-10-22 10:09:39.89165',	1),
(2,	100,	'RAM',	'16GB',	'2',	'2024-10-22 10:10:09.635917',	'2024-10-22 10:10:09.635917',	1),
(3,	100,	'Ổ Cứng',	'1TB PCIe® 4.0 NVMe™ M.2 SSD',	'1',	'2024-10-22 10:11:56.50813',	'2024-10-22 10:11:56.50813',	1),
(4,	100,	'Màn Hình',	'16-inch QHD+',	NULL,	'2024-10-22 10:12:28.717371',	'2024-10-22 10:12:28.717371',	1),
(5,	101,	'CPU',	'Intel® Core™ 5 120U',	NULL,	'2024-10-22 10:14:00.599888',	'2024-10-22 10:14:00.599888',	1),
(6,	101,	'RAM',	'16GB ',	'1',	'2024-10-22 10:14:20.772786',	'2024-10-22 10:14:20.772786',	1),
(7,	101,	'Ổ Cứng',	'512GB',	NULL,	'2024-10-22 10:14:37.77986',	'2024-10-22 10:14:37.77986',	1),
(8,	101,	'Màn Hình',	'15.3inch WUXGA',	NULL,	'2024-10-22 10:15:01.977346',	'2024-10-22 10:15:01.977346',	1),
(9,	102,	'CPU',	'Intel® Core™ Ultra 7 155U',	NULL,	'2024-10-22 10:15:40.775314',	'2024-10-22 10:15:40.775314',	1),
(10,	102,	'RAM',	'32GB',	'1',	'2024-10-22 10:16:02.874807',	'2024-10-22 10:16:02.874807',	1),
(11,	102,	'Màn Hình',	'14-inch OLED',	NULL,	'2024-10-22 10:16:26.331951',	'2024-10-22 10:16:26.331951',	1);
--product-image
INSERT INTO "product_images" ("id", "product_id", "image_id", "display_order", "created_at", "updated_at", "status") VALUES
(201,	100,	148,	NULL,	'2024-10-22 10:08:13.513035',	'2024-10-22 10:08:13.513035',	1),
(202,	101,	113,	NULL,	'2024-10-22 10:08:32.206878',	'2024-10-22 10:08:32.206878',	1),
(203,	102,	130,	NULL,	'2024-10-22 10:08:45.882162',	'2024-10-22 10:08:45.882162',	1);